,Donor Type,Center States,Organ Type,To Date,2021,2020,2019,2018,2017,2016,2015,2014,2013,2012,2011,2010,2009,2008,2007,2006,2005,2004,2003,2002,2001,2000,1999,1998,1997,1996,1995,1994,1993,1992,1991,1990,1989,1988
422,Deceased Donor,All Center States,Kidney,"330,375","1,410","17,583","16,534","14,725","14,038","13,431","12,250","11,570","11,163","10,868","11,043","10,622","10,442","10,553","10,591","10,660","9,913","9,359","8,668","8,540","8,234","8,126","8,044","8,034","7,777","7,732","7,695","7,639","7,509","7,204","7,282","7,322","6,753","7,061"
423,Deceased Donor,All Center States,Liver,"174,863",688,"8,415","8,372","7,849","7,715","7,496","6,768","6,450","6,203","6,010","6,095","6,009","6,101","6,070","6,228","6,363","6,121","5,848","5,351","4,969","4,671","4,595","4,499","4,427","4,101","4,022","3,880","3,592","3,404","3,031","2,931","2,676","2,200","1,713"
424,Deceased Donor,All Center States,Pancreas,"9,017",12,135,143,192,213,215,228,245,256,242,287,349,375,433,468,466,541,603,504,554,472,438,359,245,210,163,108,95,110,61,77,67,78,73
426,Deceased Donor,All Center States,Heart,"79,829",310,"3,658","3,552","3,408","3,242","3,190","2,804","2,655","2,531","2,378","2,322","2,332","2,212","2,163","2,209","2,192","2,125","2,015","2,057","2,155","2,202","2,199","2,188","2,348","2,293","2,342","2,363","2,337","2,295","2,169","2,123","2,095","1,696","1,669"
440,Deceased Donor,Alabama,Kidney,"5,639",16,295,217,186,210,141,144,139,123,123,143,158,133,160,173,150,155,115,148,156,159,214,162,171,170,196,216,176,209,165,188,201,177,150
441,Deceased Donor,Alabama,Liver,"2,849",4,100,133,125,133,149,120,107,103,110,105,123,105,109,97,83,94,76,82,66,79,95,92,110,86,86,82,63,41,31,24,23,10,3
442,Deceased Donor,Alabama,Pancreas,42,0,0,1,2,0,0,0,0,2,1,2,1,1,3,6,2,11,4,3,2,0,0,0,0,0,0,0,0,0,0,0,1,0,0
444,Deceased Donor,Alabama,Heart,976,0,26,29,36,36,20,26,29,31,22,32,24,17,19,23,31,24,14,30,25,25,38,29,36,46,50,39,42,41,28,31,36,20,21
449,Deceased Donor,Arizona,Kidney,"6,933",24,530,583,494,506,500,381,302,326,229,250,184,182,188,179,143,147,131,102,111,101,90,110,123,88,105,100,111,103,89,91,85,120,125
450,Deceased Donor,Arizona,Liver,"3,235",22,302,332,288,248,230,142,131,143,121,136,109,102,125,102,82,96,61,60,55,52,54,37,25,21,29,22,26,32,8,13,12,9,8
451,Deceased Donor,Arizona,Pancreas,141,0,0,2,5,4,6,3,6,7,4,14,5,8,13,12,8,15,14,2,8,3,1,1,0,0,0,0,0,0,0,0,0,0,0
453,Deceased Donor,Arizona,Heart,"1,415",6,80,63,77,77,81,65,40,29,45,34,38,29,37,58,55,45,35,23,28,27,27,28,34,33,30,33,41,37,31,33,43,37,36
458,Deceased Donor,Arkansas,Kidney,"2,349",10,149,165,114,71,79,66,57,73,86,85,85,84,71,97,99,94,82,56,61,40,43,43,49,64,57,53,51,63,53,43,44,40,22
459,Deceased Donor,Arkansas,Liver,475,2,33,43,37,33,42,30,31,36,19,16,28,31,28,26,25,15,0,0,0,0,0,0,0,0,0,0,0,0,0,0,0,0,0
460,Deceased Donor,Arkansas,Pancreas,4,0,0,0,0,0,0,0,0,0,0,0,0,0,0,0,0,0,1,0,1,0,1,0,0,0,0,0,1,0,0,0,0,0,0
463,Deceased Donor,Arkansas,Heart,712,1,14,18,13,19,31,17,25,35,34,39,31,29,42,24,25,31,32,23,17,20,12,19,13,29,15,17,21,32,15,9,8,2,0
465,Deceased Donor,California,Kidney,"40,222",141,"2,015","1,927","1,823","1,677","1,680","1,508","1,444","1,436","1,441","1,396","1,210","1,109","1,219","1,222","1,292","1,152","1,217","1,111","1,027",946,909,882,940,912,898,893,864,939,923,"1,032","1,037",986,"1,014"
466,Deceased Donor,California,Liver,"21,570",66,969,917,869,820,776,749,723,721,687,709,692,664,685,735,757,746,684,639,644,619,571,590,595,607,625,568,583,576,575,485,389,328,207
467,Deceased Donor,California,Pancreas,419,2,5,4,10,9,10,13,12,7,19,17,28,15,31,18,25,22,35,31,39,15,23,11,2,3,4,4,2,3,0,0,0,0,0
469,Deceased Donor,California,Heart,"9,925",43,496,466,433,383,393,382,351,359,276,271,248,254,285,282,257,287,268,275,291,236,263,237,262,278,275,276,265,282,282,297,279,240,153
476,Deceased Donor,Colorado,Kidney,"4,356",20,247,226,206,206,163,143,138,189,148,159,172,145,112,102,125,141,130,119,107,88,90,95,75,89,82,101,82,126,92,95,112,111,120
477,Deceased Donor,Colorado,Liver,"2,638",13,117,132,116,122,97,106,94,113,95,109,84,100,84,94,90,85,84,72,68,66,70,70,74,68,70,67,54,62,45,53,39,23,2
478,Deceased Donor,Colorado,Pancreas,43,0,1,0,2,0,1,1,0,2,4,5,5,2,1,1,1,1,1,2,3,1,1,1,0,3,2,1,0,0,1,0,0,0,0
480,Deceased Donor,Colorado,Heart,"1,243",4,44,54,63,39,49,49,37,23,26,38,30,26,31,34,27,30,37,31,40,39,37,41,53,40,37,47,51,63,40,17,27,21,18
484,Deceased Donor,Connecticut,Kidney,"2,920",22,179,159,171,111,137,87,93,86,92,87,103,72,98,69,77,82,74,71,81,54,59,54,58,73,72,70,67,90,58,75,77,80,82
485,Deceased Donor,Connecticut,Liver,"1,080",4,47,45,58,40,50,44,44,43,39,42,54,52,55,32,28,28,37,23,32,39,31,33,28,19,19,18,17,15,13,13,11,15,12
486,Deceased Donor,Connecticut,Pancreas,80,0,0,0,0,0,0,1,1,2,0,1,1,1,1,1,3,3,2,6,4,11,5,8,4,6,7,5,1,0,0,3,1,2,0
488,Deceased Donor,Connecticut,Heart,914,6,73,70,43,33,22,17,28,19,26,33,29,21,26,18,14,23,13,12,19,25,23,28,25,32,33,34,23,24,25,29,21,26,21
492,Deceased Donor,Delaware,Kidney,341,2,20,20,31,23,26,23,26,41,28,25,18,12,14,11,2,3,2,2,1,3,3,0,0,3,1,1,0,0,0,0,0,0,0
493,Deceased Donor,Delaware,Liver,114,0,4,5,2,4,2,3,9,8,6,2,7,6,4,6,8,6,5,9,11,5,2,0,0,0,0,0,0,0,0,0,0,0,0
494,Deceased Donor,Delaware,Heart,33,0,2,4,1,1,1,4,2,1,3,7,1,0,2,2,0,2,0,0,0,0,0,0,0,0,0,0,0,0,0,0,0,0,0
496,Deceased Donor,District of Columbia,Kidney,"4,348",23,274,246,188,199,222,187,129,152,122,120,120,127,108,81,127,129,91,71,75,72,61,83,95,91,92,109,110,96,136,151,122,157,182
497,Deceased Donor,District of Columbia,Liver,"1,834",7,119,115,109,123,111,69,100,89,113,96,82,91,74,69,80,59,67,49,48,41,34,30,14,5,6,5,14,5,7,1,0,2,0
498,Deceased Donor,District of Columbia,Pancreas,184,0,2,13,9,13,14,9,8,7,5,9,7,12,11,11,10,7,7,4,6,4,1,2,7,2,3,0,0,0,0,0,0,1,0
500,Deceased Donor,District of Columbia,Heart,492,2,39,22,25,24,26,23,18,18,7,11,9,11,2,5,7,6,12,7,5,5,9,10,12,16,17,18,14,23,13,25,18,13,20
503,Deceased Donor,Florida,Kidney,"21,222",92,"1,412","1,235","1,084",912,893,882,755,676,693,756,753,698,739,706,606,676,585,512,497,549,510,524,503,505,445,461,380,385,384,371,371,344,328
505,Deceased Donor,Florida,Liver,"13,583",61,655,647,549,516,525,527,495,446,498,537,526,527,600,599,559,576,580,526,515,558,481,425,380,323,283,275,153,70,70,54,28,9,10
506,Deceased Donor,Florida,Pancreas,485,2,14,12,19,16,20,21,18,16,6,11,11,17,21,20,34,31,22,31,39,45,18,10,14,11,4,1,1,0,0,0,0,0,0
508,Deceased Donor,Florida,Heart,"4,667",27,288,236,246,243,243,175,147,125,139,149,155,154,146,155,141,137,130,130,118,136,102,118,133,131,108,106,88,95,93,82,74,67,50
514,Deceased Donor,Georgia,Kidney,"8,289",34,491,430,381,304,336,335,288,292,313,293,284,247,233,267,261,228,229,203,204,230,216,201,211,207,154,163,171,177,173,148,207,167,211
515,Deceased Donor,Georgia,Liver,"4,796",26,272,278,293,263,296,253,257,258,222,198,209,196,162,157,153,126,123,90,81,72,79,80,91,88,60,79,78,92,44,40,30,19,31
516,Deceased Donor,Georgia,Pancreas,51,0,1,2,2,2,3,1,0,3,2,1,4,1,0,1,3,1,2,7,5,5,1,1,2,1,0,0,0,0,0,0,0,0,0
518,Deceased Donor,Georgia,Heart,"1,784",5,73,64,50,66,65,69,44,63,55,50,64,49,43,49,45,40,40,39,38,49,44,50,55,61,54,62,65,57,50,48,54,53,71
524,Deceased Donor,Hawaii,Kidney,"1,023",3,38,36,47,42,39,43,50,34,13,33,38,31,37,30,38,37,25,38,38,32,31,39,22,23,23,10,19,17,33,22,22,26,14
525,Deceased Donor,Hawaii,Liver,319,2,16,13,11,17,17,13,15,12,11,16,16,17,13,12,11,14,15,12,11,9,11,9,9,7,4,1,2,3,0,0,0,0,0
526,Deceased Donor,Hawaii,Pancreas,3,0,0,0,0,0,0,0,0,0,0,0,0,0,0,0,0,0,0,1,1,1,0,0,0,0,0,0,0,0,0,0,0,0,0
528,Deceased Donor,Hawaii,Heart,43,0,0,0,0,0,0,0,0,0,0,0,0,0,3,0,2,0,2,0,2,2,2,2,2,4,1,0,4,1,6,3,3,3,1
530,Deceased Donor,Illinois,Kidney,"12,034",50,597,605,525,481,426,314,370,382,334,380,345,394,401,359,413,412,392,376,362,305,354,316,278,307,361,351,299,264,273,255,231,254,268
531,Deceased Donor,Illinois,Liver,"7,288",21,358,309,275,255,235,204,201,212,204,252,226,240,237,247,300,290,286,270,192,174,195,221,212,211,224,225,197,147,135,130,168,114,121
532,Deceased Donor,Illinois,Pancreas,389,0,9,3,8,11,5,12,12,18,18,23,17,20,34,18,22,29,21,24,26,7,10,8,7,7,2,3,5,3,0,3,1,2,1
534,Deceased Donor,Illinois,Heart,"3,052",15,131,176,180,139,144,102,117,99,98,82,80,96,92,85,88,67,65,70,74,70,72,74,74,73,100,103,79,64,67,70,63,66,77
540,Deceased Donor,Indiana,Kidney,"5,001",34,299,233,184,166,174,178,188,182,211,160,161,140,137,144,119,207,169,174,166,119,104,97,133,102,111,124,128,112,120,98,109,102,116
541,Deceased Donor,Indiana,Liver,"3,502",10,133,156,164,151,160,145,141,114,133,121,124,126,134,155,154,176,161,166,139,74,53,50,52,51,62,51,60,57,50,59,49,42,29
542,Deceased Donor,Indiana,Pancreas,500,1,7,5,12,18,18,26,41,28,27,32,41,46,35,47,29,30,28,12,3,1,1,2,0,1,0,1,1,0,1,0,3,2,1
544,Deceased Donor,Indiana,Heart,"1,721",4,68,83,61,59,69,51,54,58,52,53,45,40,43,34,34,36,41,44,30,56,44,37,46,53,58,52,72,58,56,58,60,47,65
551,Deceased Donor,Iowa,Kidney,"3,249",12,213,178,175,164,140,126,142,155,101,120,107,78,81,79,78,79,57,69,95,69,79,68,68,74,69,64,114,76,58,62,68,59,72
552,Deceased Donor,Iowa,Liver,942,1,32,32,29,22,23,23,30,26,32,31,44,34,27,23,22,28,17,36,40,35,48,41,41,40,37,27,39,43,9,12,7,4,7
553,Deceased Donor,Iowa,Pancreas,59,0,0,2,1,1,1,3,2,3,0,1,0,3,1,0,3,0,1,1,2,7,4,1,1,1,3,2,1,3,0,4,4,0,3
555,Deceased Donor,Iowa,Heart,470,2,13,14,15,15,12,17,15,16,11,16,10,18,6,12,7,8,11,13,10,13,6,16,13,17,18,12,18,20,26,16,18,16,20
560,Deceased Donor,Kansas,Kidney,"2,616",7,175,122,87,87,107,106,105,91,87,117,93,119,107,91,74,70,77,63,66,51,56,61,61,58,44,54,52,57,44,59,55,50,63
561,Deceased Donor,Kansas,Liver,"1,707",4,45,80,79,90,97,87,106,114,77,91,80,85,74,64,58,48,31,25,30,36,42,39,38,28,33,28,28,16,22,20,12,0,0
562,Deceased Donor,Kansas,Pancreas,27,0,0,0,0,1,0,0,0,0,0,0,3,2,4,1,1,1,2,3,3,2,3,1,0,0,0,0,0,0,0,0,0,0,0
564,Deceased Donor,Kansas,Heart,331,1,43,23,23,14,2,0,0,0,0,0,0,2,6,7,8,7,7,5,2,1,7,10,8,9,13,20,10,18,18,23,19,11,14
566,Deceased Donor,Kentucky,Kidney,"3,753",8,169,125,149,138,116,110,109,114,125,114,147,126,99,97,114,111,86,118,115,103,94,92,126,118,114,113,116,133,110,125,84,71,64
567,Deceased Donor,Kentucky,Liver,"1,933",12,70,67,83,79,79,72,86,89,76,73,86,78,83,87,90,86,93,68,69,49,49,52,53,48,48,39,24,15,11,13,6,0,0
568,Deceased Donor,Kentucky,Pancreas,39,0,0,1,0,1,0,1,0,2,1,0,2,1,1,3,2,2,2,1,1,2,4,1,0,1,0,1,2,1,0,0,2,1,3
570,Deceased Donor,Kentucky,Heart,"1,051",3,33,41,49,57,54,55,24,25,27,23,26,23,19,16,20,32,24,26,36,27,35,28,40,31,36,34,38,45,27,42,21,16,18
576,Deceased Donor,Louisiana,Kidney,"5,568",22,253,269,180,191,178,199,198,146,167,179,210,197,194,192,194,193,214,193,158,171,156,126,120,136,127,151,147,128,135,120,129,94,101
577,Deceased Donor,Louisiana,Liver,"4,472",13,200,240,249,233,243,260,224,222,221,161,161,169,140,160,118,157,166,165,131,132,103,103,67,48,52,48,54,45,47,58,34,22,26
578,Deceased Donor,Louisiana,Pancreas,105,0,1,5,2,1,3,0,0,2,0,3,4,3,3,5,5,5,9,9,11,7,8,4,4,0,1,3,4,0,1,2,0,0,0
580,Deceased Donor,Louisiana,Heart,"1,336",1,20,26,25,33,23,30,27,29,20,27,36,29,20,22,19,22,24,39,61,47,50,53,73,57,72,88,93,70,73,58,38,18,13
585,Deceased Donor,Maine,Kidney,882,4,14,20,16,24,14,17,28,19,27,19,21,34,21,33,42,31,32,33,28,44,31,33,37,15,17,21,37,25,24,38,30,30,23
586,Deceased Donor,Maine,Pancreas,22,0,0,0,0,0,0,0,0,0,0,0,1,2,1,2,4,1,6,3,2,0,0,0,0,0,0,0,0,0,0,0,0,0,0
590,Deceased Donor,Maryland,Kidney,"7,673",25,283,279,311,313,298,347,331,299,315,308,267,333,235,274,243,211,202,181,257,337,356,282,185,144,175,153,149,139,108,92,78,76,87
591,Deceased Donor,Maryland,Liver,"3,487",16,184,182,204,248,276,223,181,158,128,114,92,111,112,100,104,105,77,54,61,65,62,64,72,67,69,64,56,51,53,43,37,32,22
592,Deceased Donor,Maryland,Pancreas,593,0,4,3,6,10,2,6,6,11,1,9,4,7,4,20,20,26,22,28,39,49,56,78,40,49,45,15,18,9,6,0,0,0,0
594,Deceased Donor,Maryland,Heart,"1,053",3,38,59,44,47,60,41,43,31,30,23,35,36,40,54,42,30,25,19,32,21,23,27,25,21,32,36,17,25,22,21,18,19,14
603,Deceased Donor,Massachusetts,Kidney,"7,694",27,286,373,303,309,327,240,260,246,208,232,232,234,199,235,244,234,195,203,183,217,163,176,171,221,203,176,200,208,215,242,248,257,227
604,Deceased Donor,Massachusetts,Liver,"5,169",29,268,252,243,262,277,203,193,183,176,209,188,165,127,131,154,146,127,146,122,131,141,103,121,110,126,101,110,106,106,132,108,95,78
605,Deceased Donor,Massachusetts,Pancreas,265,0,0,4,1,5,5,5,6,3,7,9,8,17,13,14,25,27,33,20,13,12,20,3,3,1,4,1,1,1,1,1,0,1,1
607,Deceased Donor,Massachusetts,Heart,"2,336",7,110,120,139,110,121,80,73,65,58,56,58,79,92,71,61,49,64,42,54,62,58,59,63,69,65,66,55,67,67,58,52,47,39
616,Deceased Donor,Michigan,Kidney,"10,163",33,345,398,425,364,395,356,357,374,356,345,326,382,370,350,345,299,313,270,290,260,233,253,270,227,215,253,260,247,268,280,243,229,232
617,Deceased Donor,Michigan,Liver,"4,810",15,186,221,201,215,197,169,168,167,170,176,184,187,201,179,185,189,203,140,138,133,104,97,113,80,94,106,96,78,85,91,91,97,54
618,Deceased Donor,Michigan,Pancreas,200,0,5,2,5,4,6,3,3,5,6,5,3,8,7,9,15,19,15,5,13,8,9,9,6,4,7,6,3,5,2,0,1,1,1
620,Deceased Donor,Michigan,Heart,"1,970",10,106,85,85,69,85,76,65,63,60,58,58,66,52,49,59,53,51,53,50,68,71,56,62,49,45,46,42,47,37,40,55,48,51
625,Deceased Donor,Minnesota,Kidney,"5,792",22,239,229,175,249,218,203,172,152,153,151,166,162,149,162,185,158,186,148,128,131,196,151,171,171,168,178,163,163,191,180,178,164,180
626,Deceased Donor,Minnesota,Liver,"4,535",17,197,176,160,173,179,168,146,146,153,171,145,170,157,129,142,148,134,143,117,124,162,126,129,130,121,129,109,98,102,90,84,71,89
627,Deceased Donor,Minnesota,Pancreas,"1,595",1,7,14,12,17,17,17,19,24,26,16,17,39,45,58,60,83,100,101,130,156,130,114,82,51,36,26,25,36,20,19,33,34,30
629,Deceased Donor,Minnesota,Heart,"2,031",9,73,92,73,75,73,66,64,66,80,65,65,63,56,68,58,70,72,61,59,41,47,49,58,43,52,49,60,54,63,52,48,52,55
636,Deceased Donor,Mississippi,Kidney,"1,817",10,114,115,125,115,132,76,76,99,103,71,50,73,84,99,10,14,26,27,30,28,23,30,41,20,34,34,41,27,11,24,21,13,21
637,Deceased Donor,Mississippi,Liver,287,4,37,51,46,36,40,29,23,18,0,0,0,0,0,0,0,0,0,0,0,0,0,0,0,0,0,0,0,0,0,0,1,2,0
638,Deceased Donor,Mississippi,Pancreas,2,0,0,0,0,0,1,0,1,0,0,0,0,0,0,0,0,0,0,0,0,0,0,0,0,0,0,0,0,0,0,0,0,0,0
640,Deceased Donor,Mississippi,Heart,318,1,8,16,9,17,17,13,9,4,12,13,9,8,9,9,6,8,7,12,9,8,13,13,15,7,13,8,14,8,6,2,6,1,8
644,Deceased Donor,Missouri,Kidney,"8,550",27,484,498,397,387,330,304,294,276,302,309,282,311,273,276,300,223,212,150,175,182,205,220,239,210,191,216,245,200,154,165,166,170,177
645,Deceased Donor,Missouri,Liver,"3,958",15,197,195,188,188,151,150,139,151,138,139,141,148,149,151,159,145,118,101,84,89,93,96,104,96,95,89,93,79,64,56,42,76,39
646,Deceased Donor,Missouri,Pancreas,36,0,0,2,3,3,2,3,2,1,0,3,3,0,0,2,6,0,5,1,0,0,0,0,0,0,0,0,0,0,0,0,0,0,0
648,Deceased Donor,Missouri,Heart,"2,789",5,101,107,93,105,98,88,94,106,103,91,99,85,93,82,91,72,50,55,63,58,68,79,80,82,89,84,101,94,79,92,57,66,79
653,Deceased Donor,Nebraska,Kidney,"2,332",9,135,127,102,103,79,96,107,139,115,88,68,80,54,60,79,45,57,52,42,56,55,41,54,45,60,42,48,52,49,49,36,45,63
654,Deceased Donor,Nebraska,Liver,"3,414",10,113,96,78,92,87,95,91,105,94,86,97,103,99,107,127,103,111,77,90,101,119,87,102,96,77,89,112,120,129,126,140,136,119
655,Deceased Donor,Nebraska,Pancreas,370,1,8,6,8,11,16,17,25,17,13,7,24,20,31,39,8,3,8,5,9,4,4,5,7,4,8,9,13,17,9,14,0,0,0
657,Deceased Donor,Nebraska,Heart,619,5,44,43,47,51,45,38,42,28,23,17,21,14,11,14,18,7,1,3,6,6,6,5,9,10,14,17,19,11,10,9,11,6,8
662,Deceased Donor,Nevada,Kidney,"1,412",14,87,40,40,57,57,71,56,58,57,40,44,41,39,53,56,46,52,41,48,43,42,37,43,46,34,19,27,43,30,29,21,1,0
663,Deceased Donor,Nevada,Pancreas,1,0,0,0,0,0,0,0,0,0,0,0,0,0,0,0,0,0,0,0,0,0,0,0,1,0,0,0,0,0,0,0,0,0,0
666,Deceased Donor,New Hampshire,Kidney,487,1,12,13,5,1,14,26,16,12,14,28,27,27,17,25,28,23,18,25,16,11,9,11,20,10,14,22,15,24,3,0,0,0,0
667,Deceased Donor,New Hampshire,Pancreas,54,0,0,0,0,0,1,2,3,4,6,6,5,6,7,7,5,2,0,0,0,0,0,0,0,0,0,0,0,0,0,0,0,0,0
670,Deceased Donor,New Jersey,Kidney,"6,765",24,354,349,245,276,256,253,168,201,205,242,240,256,276,248,215,220,254,178,186,209,212,197,162,179,167,156,160,150,123,120,109,89,86
671,Deceased Donor,New Jersey,Liver,"1,762",5,44,56,50,28,49,49,55,47,54,55,65,63,62,81,78,92,89,89,85,79,75,82,56,51,48,36,41,28,22,19,14,15,0
673,Deceased Donor,New Jersey,Pancreas,136,0,1,2,1,1,2,2,2,4,6,11,1,2,5,7,4,11,26,20,20,6,0,0,1,1,0,0,0,0,0,0,0,0,0
675,Deceased Donor,New Jersey,Heart,"1,299",2,18,37,49,64,67,71,66,79,77,73,66,47,50,44,46,47,47,37,43,33,29,38,20,17,19,18,20,21,26,16,12,0,0
679,Deceased Donor,New Mexico,Kidney,"1,783",5,74,71,62,74,66,58,71,43,46,62,62,73,59,54,57,51,36,33,28,31,44,32,44,40,70,62,64,48,48,65,48,48,54
680,Deceased Donor,New Mexico,Liver,60,0,0,0,0,0,0,0,0,0,0,0,0,0,0,0,0,0,0,0,0,0,1,10,18,10,11,10,0,0,0,0,0,0,0
682,Deceased Donor,New Mexico,Heart,137,0,0,0,0,0,0,0,0,0,0,0,0,0,0,0,0,0,0,0,1,1,4,6,8,4,12,12,10,13,8,15,20,6,17
685,Deceased Donor,New York,Kidney,"20,804",102,"1,002","1,022","1,047",955,927,795,687,639,737,690,667,677,737,811,830,680,530,431,471,446,435,509,492,473,457,503,499,466,448,418,412,409,400
686,Deceased Donor,New York,Liver,"10,871",52,546,425,403,385,361,300,332,280,313,343,322,403,402,473,650,522,457,379,397,349,304,316,337,313,267,288,211,210,190,162,110,55,14
687,Deceased Donor,New York,Pancreas,350,0,14,11,12,21,18,13,10,10,10,17,21,29,22,15,12,13,20,14,18,13,21,10,4,2,0,0,0,0,0,0,0,0,0
689,Deceased Donor,New York,Heart,"4,984",21,250,255,260,207,188,166,152,154,173,159,162,154,129,149,149,158,144,153,163,175,144,115,135,95,109,118,109,104,122,119,129,95,69
696,Deceased Donor,North Carolina,Kidney,"10,134",56,636,602,480,459,447,430,430,402,406,441,475,382,409,340,337,300,245,233,210,184,214,177,201,191,184,166,217,141,158,154,138,139,150
697,Deceased Donor,North Carolina,Liver,"4,158",17,211,260,216,219,204,180,149,155,166,164,160,161,139,124,127,127,114,123,116,113,130,112,139,95,87,83,84,37,44,38,31,22,11
698,Deceased Donor,North Carolina,Pancreas,158,1,2,5,6,1,7,11,6,5,7,7,3,2,4,4,3,11,11,21,14,6,8,6,2,0,1,0,1,0,0,2,0,1,0
700,Deceased Donor,North Carolina,Heart,"2,950",13,163,162,141,125,126,113,113,117,103,106,107,99,86,83,75,70,81,89,91,114,88,74,66,65,72,60,72,59,54,34,56,30,43
708,Deceased Donor,North Dakota,Kidney,699,3,14,26,21,30,31,35,25,18,9,25,18,19,22,24,24,28,24,28,40,29,14,14,21,18,22,16,28,21,18,15,18,1,0
709,Deceased Donor,North Dakota,Pancreas,41,0,0,0,0,0,1,0,2,0,0,2,1,1,2,0,4,2,6,8,10,2,0,0,0,0,0,0,0,0,0,0,0,0,0
712,Deceased Donor,Ohio,Kidney,"13,233",85,896,719,606,503,414,391,381,357,372,367,369,330,398,375,357,328,312,296,318,336,365,369,390,375,356,369,335,350,400,361,381,284,388
713,Deceased Donor,Ohio,Liver,"7,252",53,484,456,403,384,332,285,260,240,246,223,236,234,240,265,237,225,227,184,126,150,165,167,175,179,160,155,164,134,145,134,95,55,34
715,Deceased Donor,Ohio,Pancreas,485,0,10,13,13,11,9,12,15,12,11,12,29,21,31,27,36,39,35,22,18,20,23,9,5,6,6,7,3,8,4,5,3,4,6
717,Deceased Donor,Ohio,Heart,"3,421",11,150,124,106,118,117,94,98,68,76,80,72,80,85,91,118,103,93,110,97,111,138,148,172,123,113,110,112,111,113,91,79,56,53
725,Deceased Donor,Oklahoma,Kidney,"3,715",16,164,165,149,181,173,184,171,123,131,132,114,108,101,95,87,96,97,103,88,101,88,94,81,64,89,113,118,96,88,67,84,75,79
726,Deceased Donor,Oklahoma,Liver,"1,581",10,88,57,53,56,61,47,58,47,58,69,50,46,53,68,57,61,60,62,47,47,46,49,56,42,43,52,58,65,14,1,0,0,0
727,Deceased Donor,Oklahoma,Pancreas,23,0,0,0,1,1,0,0,2,2,4,1,0,0,0,2,1,0,2,4,1,0,0,0,0,1,1,0,0,0,0,0,0,0,0
729,Deceased Donor,Oklahoma,Heart,833,1,25,15,20,20,20,21,30,15,18,12,12,16,9,13,18,23,25,19,27,25,35,28,34,25,39,44,52,27,33,29,31,33,39
734,Deceased Donor,Oregon,Kidney,"4,112",16,270,226,171,165,164,151,140,156,122,131,111,138,100,124,140,122,112,124,114,118,102,96,79,89,88,98,104,100,98,84,85,83,91
735,Deceased Donor,Oregon,Liver,"1,769",10,88,76,82,83,82,67,62,59,49,57,45,51,52,57,61,43,40,50,41,41,53,53,52,57,57,64,67,64,40,11,33,19,3
736,Deceased Donor,Oregon,Pancreas,21,0,0,0,0,0,0,0,0,0,0,0,1,1,0,0,5,0,1,4,3,1,0,1,0,0,0,0,1,0,0,0,0,3,0
738,Deceased Donor,Oregon,Heart,719,3,11,0,10,18,30,27,16,21,15,20,24,19,20,15,26,21,14,19,24,32,28,25,16,15,14,20,27,30,34,34,42,25,24
742,Deceased Donor,Pennsylvania,Kidney,"21,945",70,828,833,778,789,800,742,692,636,564,604,644,682,753,721,885,760,685,708,690,635,547,626,602,612,623,558,513,555,599,570,558,511,572
743,Deceased Donor,Pennsylvania,Liver,"15,265",37,481,523,492,486,475,461,398,436,401,428,436,461,431,462,458,491,524,494,444,344,374,438,419,422,397,398,377,473,460,540,644,610,550
744,Deceased Donor,Pennsylvania,Pancreas,707,0,8,6,9,9,5,10,8,12,13,13,43,32,45,48,40,57,67,44,44,27,30,18,10,22,11,7,1,10,6,4,5,19,24
746,Deceased Donor,Pennsylvania,Heart,"5,974",14,169,182,161,187,159,172,165,183,140,155,202,197,178,185,210,156,145,169,174,189,207,204,228,260,246,211,208,190,175,151,161,111,130
754,Deceased Donor,Puerto Rico,Kidney,"1,607",7,59,60,63,55,73,76,76,91,81,78,69,69,68,86,61,87,62,56,42,59,37,32,40,15,7,12,13,13,9,9,13,11,18
755,Deceased Donor,Puerto Rico,Liver,331,3,33,42,34,36,41,50,43,28,21,0,0,0,0,0,0,0,0,0,0,0,0,0,0,0,0,0,0,0,0,0,0,0,0
757,Deceased Donor,Puerto Rico,Pancreas,7,0,1,0,0,0,2,0,0,3,0,1,0,0,0,0,0,0,0,0,0,0,0,0,0,0,0,0,0,0,0,0,0,0,0
759,Deceased Donor,Puerto Rico,Heart,166,1,1,3,5,1,3,5,6,2,6,6,6,8,10,13,13,16,10,17,4,12,13,5,0,0,0,0,0,0,0,0,0,0,0
761,Deceased Donor,Rhode Island,Kidney,805,2,33,32,42,40,38,39,45,27,40,30,23,32,16,22,34,37,34,34,48,42,31,29,27,28,0,0,0,0,0,0,0,0,0
762,Deceased Donor,Rhode Island,Pancreas,28,0,0,0,0,0,0,0,0,0,0,3,0,0,2,4,2,4,2,9,2,0,0,0,0,0,0,0,0,0,0,0,0,0,0
765,Deceased Donor,South Carolina,Kidney,"4,337",17,281,234,197,229,147,176,160,143,152,174,142,122,135,143,147,118,118,103,98,137,130,108,96,91,108,84,97,83,82,68,84,53,80
766,Deceased Donor,South Carolina,Liver,"1,732",4,63,83,77,98,74,66,73,76,63,76,78,64,64,61,71,45,41,37,57,72,71,66,48,30,39,26,34,32,26,14,3,0,0
767,Deceased Donor,South Carolina,Pancreas,84,1,2,0,1,2,1,2,3,2,2,3,7,9,3,4,6,3,6,3,4,8,6,0,1,0,0,2,0,2,1,0,0,0,0
769,Deceased Donor,South Carolina,Heart,649,4,59,33,21,19,7,8,7,17,14,24,17,17,22,20,22,22,23,16,23,26,26,24,26,20,24,14,20,18,10,11,14,11,10
774,Deceased Donor,South Dakota,Kidney,726,2,34,29,36,39,32,39,33,26,32,34,20,33,24,28,28,33,30,29,30,18,19,25,28,16,11,10,7,1,0,0,0,0,0
775,Deceased Donor,South Dakota,Liver,43,0,14,12,8,8,1,0,0,0,0,0,0,0,0,0,0,0,0,0,0,0,0,0,0,0,0,0,0,0,0,0,0,0,0
776,Deceased Donor,South Dakota,Pancreas,29,0,0,0,0,0,0,0,1,2,1,1,0,0,1,5,3,6,7,2,0,0,0,0,0,0,0,0,0,0,0,0,0,0,0
779,Deceased Donor,Tennessee,Kidney,"8,985",55,538,439,476,381,388,376,360,345,302,306,297,324,266,280,296,239,262,216,244,218,209,199,184,191,200,186,173,198,167,168,203,137,162
780,Deceased Donor,Tennessee,Liver,"4,793",20,256,248,231,264,273,265,273,238,220,246,216,231,206,190,184,116,97,106,104,96,99,93,96,77,73,60,47,63,30,30,20,16,9
781,Deceased Donor,Tennessee,Pancreas,164,0,0,1,1,0,0,1,2,2,4,3,3,2,4,3,4,10,15,9,4,9,14,14,14,9,10,4,5,3,5,6,2,1,0
783,Deceased Donor,Tennessee,Heart,"2,431",18,202,161,152,154,121,78,55,68,59,54,45,57,50,50,37,49,59,54,63,63,53,65,64,62,69,77,61,69,50,50,72,50,40
787,Deceased Donor,Texas,Kidney,"26,724",127,"1,550","1,467","1,226","1,328","1,200","1,013",925,840,777,809,829,797,857,878,846,798,767,739,701,640,640,675,642,599,613,617,612,558,538,518,508,553,537
788,Deceased Donor,Texas,Liver,"14,627",57,813,826,758,747,697,635,537,492,490,485,507,463,510,546,518,507,513,467,434,374,362,356,300,266,265,279,256,248,229,216,181,166,127
789,Deceased Donor,Texas,Pancreas,287,0,9,8,8,14,9,6,8,9,12,14,15,15,15,24,11,15,13,9,12,12,11,7,9,6,2,5,2,2,0,2,1,2,0
791,Deceased Donor,Texas,Heart,"7,240",28,302,302,304,312,336,299,364,271,259,220,206,173,182,199,179,179,168,176,177,184,189,189,186,206,161,181,167,189,184,201,193,193,181
800,Deceased Donor,Utah,Kidney,"3,073",30,214,150,165,143,145,115,124,129,98,105,78,79,68,68,75,65,85,67,66,67,65,79,62,63,69,84,65,79,66,86,84,65,70
801,Deceased Donor,Utah,Liver,"1,797",10,119,92,90,109,89,85,90,78,59,60,57,64,61,58,58,46,57,56,54,35,40,44,42,36,36,41,29,19,16,21,16,18,12
802,Deceased Donor,Utah,Pancreas,71,1,1,0,4,1,2,3,4,0,1,1,1,1,2,2,6,10,11,2,6,2,2,1,2,1,0,0,0,0,0,3,1,0,0
804,Deceased Donor,Utah,Heart,"1,422",4,53,51,56,45,48,49,33,48,36,36,41,31,33,35,35,38,34,33,42,29,28,23,21,32,34,40,39,46,60,62,77,79,71
808,Deceased Donor,Vermont,Kidney,503,0,7,17,10,17,20,16,23,20,11,25,29,18,20,22,33,20,13,18,2,2,13,17,13,13,17,17,11,5,0,11,17,12,14
809,Deceased Donor,Vermont,Pancreas,16,0,0,0,0,0,0,0,1,0,1,2,3,2,0,0,3,1,1,1,1,0,0,0,0,0,0,0,0,0,0,0,0,0,0
812,Deceased Donor,Virginia,Kidney,"7,729",34,518,571,398,355,296,284,237,247,285,248,276,261,270,262,273,232,193,195,179,163,139,159,184,200,178,136,164,151,133,137,169,108,94
813,Deceased Donor,Virginia,Liver,"3,566",14,191,189,173,149,112,102,100,109,123,77,121,128,124,118,109,99,94,98,81,93,79,77,90,120,156,129,113,117,71,83,70,35,22
814,Deceased Donor,Virginia,Pancreas,159,0,4,1,7,4,3,7,0,3,6,4,9,16,8,12,10,14,15,6,8,5,1,3,1,1,2,1,0,1,1,2,3,1,0
816,Deceased Donor,Virginia,Heart,"2,505",11,125,124,109,100,94,85,81,76,73,70,67,67,60,53,54,52,48,54,56,57,56,58,65,73,74,73,91,77,87,105,94,54,82
821,Deceased Donor,Washington,Kidney,"6,916",36,356,343,342,322,264,261,310,259,264,224,222,196,211,203,165,189,235,212,182,152,199,145,162,130,172,125,142,144,114,169,211,148,107
822,Deceased Donor,Washington,Liver,"3,018",11,145,159,156,124,121,127,119,109,102,103,90,88,94,117,133,133,142,111,83,79,94,73,65,61,70,53,60,63,48,55,30,0,0
823,Deceased Donor,Washington,Pancreas,113,0,1,0,0,2,1,0,1,2,0,2,5,3,7,4,4,4,4,3,8,8,5,9,6,9,4,4,4,5,2,5,1,0,0
825,Deceased Donor,Washington,Heart,"1,612",10,79,103,118,95,87,71,68,54,49,36,52,47,45,39,32,41,43,41,41,39,45,42,34,30,36,40,30,32,29,37,37,13,17
830,Deceased Donor,West Virginia,Kidney,"1,331",16,106,78,54,24,30,22,35,41,38,36,31,30,33,39,44,33,33,44,41,33,40,59,57,59,52,29,28,22,35,24,27,33,25
831,Deceased Donor,West Virginia,Heart,11,0,9,2,0,0,0,0,0,0,0,0,0,0,0,0,0,0,0,0,0,0,0,0,0,0,0,0,0,0,0,0,0,0,0
833,Deceased Donor,Wisconsin,Kidney,"7,784",15,294,233,233,263,299,226,247,248,233,272,235,245,291,302,282,277,263,265,245,213,201,216,203,202,187,206,217,225,181,204,198,171,192
834,Deceased Donor,Wisconsin,Liver,"4,241",11,185,151,167,176,185,165,166,132,122,119,128,137,153,146,133,148,137,142,156,116,103,118,104,113,93,93,83,100,90,94,118,83,74
835,Deceased Donor,Wisconsin,Pancreas,429,2,18,15,22,19,24,17,15,24,18,16,13,8,15,12,21,22,21,23,21,13,17,21,10,7,0,0,0,1,1,2,5,3,3
837,Deceased Donor,Wisconsin,Heart,"2,195",9,119,87,66,65,53,61,53,65,73,83,82,51,29,47,63,64,56,58,60,70,59,76,82,75,93,98,87,73,50,53,49,45,41
843,Living Donor,All Center States,Kidney,"164,004",392,"5,234","6,867","6,442","5,811","5,629","5,628","5,538","5,733","5,619","5,773","6,278","6,387","5,968","6,043","6,435","6,572","6,648","6,470","6,241","6,045","5,505","4,723","4,420","3,933","3,679","3,389","3,007","2,851","2,534","2,396","2,094","1,903","1,817"
844,Living Donor,All Center States,Liver,"7,842",41,491,524,401,367,345,359,280,252,246,247,282,219,249,266,288,323,323,322,363,524,406,258,92,88,65,54,60,36,33,22,14,2,0
845,Living Donor,All Center States,Pancreas,24,0,0,0,0,0,0,0,0,0,0,0,0,0,1,0,0,1,0,0,1,1,1,0,0,0,1,1,0,2,3,1,2,4,5
847,Living Donor,All Center States,Heart,43,0,0,0,0,2,1,0,0,0,0,0,0,0,0,0,1,0,0,0,0,0,0,0,0,0,1,0,3,2,1,4,12,9,7
852,Living Donor,Alabama,Kidney,"3,457",5,58,79,89,97,75,77,95,119,83,106,88,132,100,137,168,176,157,173,162,145,112,127,104,109,85,84,91,104,74,63,62,61,60
853,Living Donor,Alabama,Liver,6,0,0,0,0,0,0,0,0,0,0,0,0,0,0,0,0,0,0,0,0,2,3,1,0,0,0,0,0,0,0,0,0,0,0
854,Living Donor,Alabama,Heart,1,0,0,0,0,0,0,0,0,0,0,0,0,0,0,0,0,0,0,0,0,0,0,0,0,0,0,0,0,0,0,0,1,0,0
856,Living Donor,Arizona,Kidney,"3,509",9,118,143,144,121,109,121,130,141,148,181,172,204,161,174,166,148,147,134,137,130,90,85,59,60,32,37,42,46,20,22,36,27,15
857,Living Donor,Arizona,Liver,169,0,1,0,1,0,6,0,4,9,12,9,17,13,10,13,11,14,19,11,11,8,0,0,0,0,0,0,0,0,0,0,0,0,0
858,Living Donor,Arizona,Heart,6,0,0,0,0,0,0,0,0,0,0,0,0,0,0,0,0,0,0,0,0,0,0,0,0,0,0,0,0,0,0,1,0,3,2
861,Living Donor,Arkansas,Kidney,842,0,2,7,8,4,9,14,10,12,22,15,15,29,16,22,31,38,38,39,39,37,45,49,44,37,32,46,38,28,36,26,19,21,14
863,Living Donor,California,Kidney,"18,064",30,576,692,663,604,607,690,595,649,632,602,729,713,707,690,639,662,743,733,670,650,620,500,523,480,441,409,388,367,284,250,182,166,178
864,Living Donor,California,Liver,"1,107",3,52,52,35,55,62,58,33,22,24,30,39,20,32,32,33,44,58,74,73,101,53,29,8,14,21,26,15,6,3,0,0,0,0
865,Living Donor,California,Heart,15,0,0,0,0,2,1,0,0,0,0,0,0,0,0,0,0,0,0,0,0,0,0,0,0,0,0,0,2,0,0,1,6,1,2
868,Living Donor,Colorado,Kidney,"2,700",10,104,146,155,152,102,102,105,91,104,122,142,115,116,107,118,111,81,79,77,81,95,61,75,51,39,37,26,25,16,10,21,11,13
869,Living Donor,Colorado,Liver,277,0,14,31,19,19,16,11,10,3,6,2,3,5,10,7,7,13,11,11,14,31,16,12,4,1,1,0,0,0,0,0,0,0,0
871,Living Donor,Connecticut,Kidney,"1,890",4,60,84,93,92,70,74,67,65,65,66,74,75,52,59,54,42,48,58,74,85,75,70,70,55,51,44,31,26,30,15,22,20,20
872,Living Donor,Connecticut,Liver,105,0,4,8,5,9,7,11,4,8,12,8,16,7,6,0,0,0,0,0,0,0,0,0,0,0,0,0,0,0,0,0,0,0,0
874,Living Donor,Delaware,Kidney,126,1,3,10,5,10,7,5,5,8,8,10,10,5,7,9,0,0,3,2,5,4,2,0,1,0,1,3,1,1,0,0,0,0,0
875,Living Donor,Delaware,Liver,70,0,2,1,0,5,3,2,1,2,3,4,3,2,2,2,4,4,9,2,7,6,4,1,0,1,0,0,0,0,0,0,0,0,0
877,Living Donor,District of Columbia,Kidney,"2,781",7,136,153,144,119,107,89,62,46,46,57,93,109,79,79,93,92,84,113,103,98,106,120,112,44,67,55,54,63,73,62,52,33,31
878,Living Donor,District of Columbia,Liver,94,1,5,9,1,2,6,12,2,2,3,4,2,4,12,8,3,3,1,2,3,5,3,1,0,0,0,0,0,0,0,0,0,0,0
880,Living Donor,Florida,Kidney,"6,037",20,227,344,294,239,228,231,225,273,236,220,241,204,203,200,222,227,250,199,153,193,154,171,127,127,120,121,93,77,80,91,92,86,69
881,Living Donor,Florida,Liver,62,0,0,0,0,0,0,0,0,0,2,0,0,1,2,0,1,1,2,3,6,8,14,15,2,1,4,0,0,0,0,0,0,0,0
884,Living Donor,Georgia,Kidney,"4,052",9,155,244,209,161,175,189,176,163,146,169,161,134,118,127,109,115,150,110,124,104,98,72,62,53,80,110,92,76,89,78,65,69,60
885,Living Donor,Georgia,Liver,69,0,8,11,8,1,0,0,1,1,1,1,0,1,0,0,1,0,0,1,6,11,10,5,1,1,0,0,0,0,0,0,0,0,0
886,Living Donor,Georgia,Heart,1,0,0,0,0,0,0,0,0,0,0,0,0,0,0,0,0,0,0,0,0,0,0,0,0,0,0,0,0,0,0,0,0,0,1
888,Living Donor,Hawaii,Kidney,306,1,4,5,7,4,10,8,10,10,3,7,7,15,16,12,15,33,16,11,21,13,7,9,12,5,6,7,7,4,4,5,3,7,2
890,Living Donor,Illinois,Kidney,"7,678",25,225,305,273,241,261,209,243,295,312,328,369,347,325,310,382,363,322,328,310,269,235,179,210,160,147,146,121,99,68,76,67,61,67
891,Living Donor,Illinois,Liver,628,1,18,14,12,17,16,12,26,25,17,28,35,26,14,28,39,30,34,28,31,20,15,15,7,14,13,9,21,14,11,22,14,2,0
895,Living Donor,Indiana,Kidney,"2,343",2,59,83,93,94,95,85,88,100,89,113,124,134,100,92,107,76,80,59,67,65,58,49,50,45,34,31,29,50,43,33,44,42,30
896,Living Donor,Indiana,Liver,9,2,4,0,0,0,0,0,0,0,0,0,0,0,0,0,0,0,0,0,0,0,3,0,0,0,0,0,0,0,0,0,0,0,0
897,Living Donor,Indiana,Heart,1,0,0,0,0,0,0,0,0,0,0,0,0,0,0,0,0,0,0,0,0,0,0,0,0,0,0,0,0,0,0,0,0,1,0
899,Living Donor,Iowa,Kidney,"1,317",4,30,40,39,36,39,38,42,42,45,53,54,53,39,32,39,46,59,61,49,54,61,53,50,34,38,28,39,33,23,22,16,13,13
900,Living Donor,Iowa,Liver,11,0,0,0,0,0,0,0,0,0,0,0,0,0,0,0,0,0,0,1,0,2,1,3,1,0,2,1,0,0,0,0,0,0,0
902,Living Donor,Kansas,Kidney,722,2,28,37,43,26,25,20,22,21,28,18,29,23,30,18,22,25,19,31,27,28,25,24,18,18,17,20,14,13,12,14,7,10,8
903,Living Donor,Kansas,Liver,1,0,0,0,0,0,0,0,0,0,0,0,1,0,0,0,0,0,0,0,0,0,0,0,0,0,0,0,0,0,0,0,0,0,0
905,Living Donor,Kentucky,Kidney,"1,158",2,39,43,55,45,39,38,36,36,26,31,21,34,36,44,26,49,35,38,37,47,41,32,23,30,29,33,29,29,30,35,31,29,30
906,Living Donor,Kentucky,Liver,1,0,0,0,0,0,0,0,0,0,0,0,0,0,0,0,0,0,0,0,1,0,0,0,0,0,0,0,0,0,0,0,0,0,0
908,Living Donor,Louisiana,Kidney,"2,063",3,60,102,79,93,77,52,69,68,62,68,66,74,66,87,63,70,106,79,69,74,66,51,46,55,50,41,58,46,37,44,25,26,31
909,Living Donor,Louisiana,Liver,31,0,2,0,1,0,0,2,0,3,3,0,0,0,1,2,0,0,0,5,1,2,0,5,0,0,0,1,0,0,3,0,0,0,0
912,Living Donor,Maine,Kidney,673,3,31,21,26,28,22,27,27,19,18,27,20,24,23,24,27,19,26,28,30,39,26,20,13,17,14,12,10,6,7,6,10,11,12
914,Living Donor,Maryland,Kidney,"4,548",8,77,115,129,119,120,171,169,196,188,154,151,172,153,156,206,192,201,182,190,232,247,236,193,174,110,89,56,55,41,19,13,15,19
915,Living Donor,Maryland,Liver,284,2,14,32,29,16,19,24,20,14,6,0,2,1,3,3,5,4,1,4,12,13,18,12,8,3,5,4,6,3,1,0,0,0,0
918,Living Donor,Massachusetts,Kidney,"5,470",12,141,167,197,180,158,188,192,171,168,157,206,213,198,217,207,205,217,201,175,178,185,147,166,158,162,156,145,114,112,108,92,96,81
919,Living Donor,Massachusetts,Liver,562,0,21,26,31,25,14,27,7,23,21,24,23,30,33,29,35,27,20,30,19,40,37,12,1,2,0,1,4,0,0,0,0,0,0
923,Living Donor,Michigan,Kidney,"6,379",12,154,182,209,183,212,210,198,216,210,175,195,213,208,221,243,274,281,279,251,232,248,212,195,226,204,177,143,141,130,122,88,81,54
925,Living Donor,Michigan,Liver,169,1,6,19,12,13,7,7,9,7,9,10,14,3,9,6,6,6,3,4,4,4,2,0,2,4,2,0,0,0,0,0,0,0,0
927,Living Donor,Minnesota,Kidney,"8,411",13,215,277,288,243,278,261,227,236,253,274,291,285,315,320,378,393,388,405,363,402,293,255,202,187,197,189,170,191,139,157,133,109,84
928,Living Donor,Minnesota,Liver,521,0,11,24,21,31,26,31,31,25,32,32,23,18,30,41,17,35,24,14,20,14,8,3,3,7,0,0,0,0,0,0,0,0,0
929,Living Donor,Minnesota,Pancreas,24,0,0,0,0,0,0,0,0,0,0,0,0,0,1,0,0,1,0,0,1,1,1,0,0,0,1,1,0,2,3,1,2,4,5
931,Living Donor,Minnesota,Heart,3,0,0,0,0,0,0,0,0,0,0,0,0,0,0,0,0,0,0,0,0,0,0,0,0,0,0,0,0,0,0,0,1,1,1
935,Living Donor,Mississippi,Kidney,118,1,11,9,4,7,8,8,9,4,0,0,5,2,3,3,0,0,0,1,4,2,1,1,7,7,6,4,6,1,2,0,1,1,0
937,Living Donor,Missouri,Kidney,"3,332",6,98,117,113,109,112,97,93,73,83,90,109,112,107,144,132,141,133,106,98,127,127,122,105,106,80,98,82,80,60,75,66,67,64
938,Living Donor,Missouri,Liver,63,0,1,1,0,0,0,0,0,1,1,1,2,1,0,2,2,2,2,7,6,5,13,13,1,0,2,0,0,0,0,0,0,0,0
941,Living Donor,Nebraska,Kidney,"1,097",3,16,39,35,52,30,35,32,25,34,37,58,54,45,58,72,55,54,45,43,34,32,39,22,23,27,32,15,19,10,9,6,5,2
942,Living Donor,Nebraska,Liver,144,0,6,4,5,2,2,1,3,6,2,4,3,4,7,7,4,5,9,9,11,4,4,6,2,5,3,5,4,11,6,0,0,0,0
944,Living Donor,Nevada,Kidney,297,0,4,3,7,7,6,7,5,1,3,5,3,4,5,12,13,20,13,17,18,24,20,16,13,14,11,10,12,5,11,5,3,0,0
946,Living Donor,New Hampshire,Kidney,436,2,10,13,15,15,26,22,19,20,20,22,26,22,18,25,18,17,18,10,15,14,12,9,6,10,16,4,8,3,1,0,0,0,0
948,Living Donor,New Jersey,Kidney,"4,147",18,148,213,187,189,187,167,167,170,189,190,197,191,157,183,171,198,186,173,171,165,146,123,69,56,42,30,19,12,6,13,5,5,4
949,Living Donor,New Jersey,Liver,3,0,0,0,0,0,0,0,0,0,0,0,0,0,0,0,0,0,0,0,0,0,0,0,1,2,0,0,0,0,0,0,0,0,0
951,Living Donor,New Mexico,Kidney,522,1,11,15,10,13,20,8,16,22,16,16,16,23,23,18,21,17,28,20,30,29,25,25,15,11,15,20,2,1,5,7,10,2,11
953,Living Donor,New York,Kidney,"13,021",32,442,642,649,513,494,489,510,463,430,495,509,567,555,519,508,527,478,455,460,454,392,323,309,283,233,229,189,168,161,140,153,119,131
954,Living Donor,New York,Liver,"1,225",3,49,73,55,35,43,54,36,32,41,36,36,23,33,25,34,60,54,56,76,159,115,49,25,7,7,2,6,1,0,0,0,0,0
956,Living Donor,North Carolina,Kidney,"3,894",16,136,162,147,138,118,128,150,107,124,127,131,113,115,117,123,152,161,183,159,152,121,133,134,104,100,85,88,61,60,91,59,46,53
957,Living Donor,North Carolina,Liver,89,1,4,2,0,1,1,4,2,0,1,2,0,0,0,3,1,3,9,4,6,9,15,9,5,6,1,0,0,0,0,0,0,0,0
960,Living Donor,North Dakota,Kidney,558,0,11,15,20,17,14,16,17,18,14,21,19,24,15,20,26,26,24,37,22,32,12,16,18,9,21,15,13,13,10,8,6,8,1
962,Living Donor,Ohio,Kidney,"8,121",22,242,322,275,265,258,231,277,330,316,280,311,310,295,317,396,394,382,328,377,322,277,166,166,172,178,148,133,122,115,102,100,99,93
963,Living Donor,Ohio,Liver,271,4,30,30,23,10,19,17,18,10,16,1,4,5,5,5,9,5,2,4,6,12,19,11,1,5,0,0,0,0,0,0,0,0,0
964,Living Donor,Ohio,Heart,1,0,0,0,0,0,0,0,0,0,0,0,0,0,0,0,1,0,0,0,0,0,0,0,0,0,0,0,0,0,0,0,0,0,0
967,Living Donor,Oklahoma,Kidney,"1,105",2,29,53,45,43,36,41,38,51,42,45,53,40,26,25,17,24,23,44,45,37,22,25,28,22,21,27,22,32,22,35,27,24,39
968,Living Donor,Oklahoma,Liver,1,0,0,0,0,0,0,0,0,0,0,0,0,0,0,0,0,0,0,0,0,0,0,0,0,0,0,1,0,0,0,0,0,0,0
970,Living Donor,Oregon,Kidney,"2,092",3,47,70,68,67,68,60,60,50,66,66,76,86,93,83,79,95,82,130,119,104,86,59,52,51,37,40,24,30,35,32,22,22,30
971,Living Donor,Oregon,Heart,2,0,0,0,0,0,0,0,0,0,0,0,0,0,0,0,0,0,0,0,0,0,0,0,0,0,1,0,0,1,0,0,0,0,0
973,Living Donor,Pennsylvania,Kidney,"8,175",11,288,371,325,314,271,309,283,333,280,249,288,316,293,293,338,320,368,351,327,285,275,189,176,169,174,146,134,157,130,127,95,94,96
974,Living Donor,Pennsylvania,Liver,"1,045",8,121,104,83,85,60,44,41,32,25,34,40,33,20,40,52,56,48,39,16,22,9,9,1,12,4,3,4,0,0,0,0,0,0
975,Living Donor,Pennsylvania,Heart,2,0,0,0,0,0,0,0,0,0,0,0,0,0,0,0,0,0,0,0,0,0,0,0,0,0,0,0,0,1,0,0,0,0,1
979,Living Donor,Puerto Rico,Kidney,573,0,6,9,5,7,9,6,11,7,4,2,11,11,19,9,14,22,24,28,26,32,31,24,31,26,18,25,19,24,29,27,22,23,12
981,Living Donor,Rhode Island,Kidney,570,2,17,28,21,9,22,6,16,13,25,18,25,19,23,24,31,34,36,32,37,42,32,24,25,9,0,0,0,0,0,0,0,0,0
983,Living Donor,South Carolina,Kidney,973,6,42,51,42,35,30,31,27,24,27,28,36,31,36,39,32,32,20,26,23,26,30,50,41,34,26,17,28,23,27,12,16,13,12
984,Living Donor,South Carolina,Liver,13,0,0,0,0,1,0,0,0,0,0,0,1,2,0,0,1,0,0,0,2,5,1,0,0,0,0,0,0,0,0,0,0,0,0
986,Living Donor,South Dakota,Kidney,347,3,12,28,17,20,13,12,11,7,15,21,14,11,8,13,18,24,23,21,9,7,8,9,1,0,6,4,8,4,0,0,0,0,0
988,Living Donor,Tennessee,Kidney,"3,571",8,100,138,116,123,88,98,93,108,125,137,101,122,101,122,146,160,147,166,144,127,111,107,116,107,89,79,73,79,87,79,67,67,40
989,Living Donor,Tennessee,Liver,55,1,9,4,3,4,2,0,0,0,0,0,0,0,0,0,0,2,1,1,3,8,10,7,0,0,0,0,0,0,0,0,0,0,0
992,Living Donor,Texas,Kidney,"11,753",46,613,712,593,481,524,522,445,464,459,477,535,519,419,341,354,340,341,357,360,286,320,258,271,201,223,182,171,186,191,162,157,124,119
993,Living Donor,Texas,Liver,305,7,62,48,41,12,23,25,16,14,3,3,7,2,0,0,2,0,2,3,9,6,6,2,0,1,0,1,0,1,9,0,0,0,0
994,Living Donor,Texas,Heart,3,0,0,0,0,0,0,0,0,0,0,0,0,0,0,0,0,0,0,0,0,0,0,0,0,0,0,0,0,0,0,0,0,3,0
997,Living Donor,Utah,Kidney,"2,312",6,84,118,88,100,68,74,74,72,62,69,65,78,80,92,98,66,93,90,75,76,66,72,82,60,63,48,50,53,42,47,34,30,37
998,Living Donor,Utah,Liver,81,3,14,14,10,3,3,2,2,0,0,0,6,3,1,1,2,0,0,2,2,3,3,2,3,2,0,0,0,0,0,0,0,0,0
1000,Living Donor,Vermont,Kidney,217,0,0,3,1,4,4,0,6,5,9,7,6,7,17,16,12,14,10,12,0,4,8,7,9,11,6,10,6,0,0,4,8,3,8
1002,Living Donor,Virginia,Kidney,"4,085",9,146,165,150,155,134,118,138,131,144,157,148,163,168,168,191,211,209,181,174,172,165,128,97,87,83,74,45,35,38,20,29,31,21
1003,Living Donor,Virginia,Liver,292,3,23,8,5,7,5,7,12,12,5,14,5,14,16,12,17,9,13,6,12,17,22,32,16,0,0,0,0,0,0,0,0,0,0
1004,Living Donor,Virginia,Heart,3,0,0,0,0,0,0,0,0,0,0,0,0,0,0,0,0,0,0,0,0,0,0,0,0,0,0,0,0,0,0,0,3,0,0
1007,Living Donor,Washington,Kidney,"3,373",7,76,120,99,88,103,92,110,123,114,115,142,114,113,104,112,128,129,136,145,154,135,134,116,90,81,87,86,55,53,54,47,51,60
1009,Living Donor,Washington,Liver,20,1,7,1,1,4,2,1,0,0,0,0,0,0,1,0,1,0,0,0,0,0,0,1,0,0,0,0,0,0,0,0,0,0,0
1010,Living Donor,Washington,Heart,5,0,0,0,0,0,0,0,0,0,0,0,0,0,0,0,0,0,0,0,0,0,0,0,0,0,0,0,1,0,1,2,1,0,0
1012,Living Donor,West Virginia,Kidney,351,0,3,8,12,4,6,3,4,2,2,8,6,5,12,9,15,17,17,21,20,20,19,20,17,14,15,7,8,10,6,10,10,11,10
1014,Living Donor,Wisconsin,Kidney,"4,438",6,140,164,156,145,155,149,134,133,124,138,130,136,154,152,183,182,198,158,207,158,143,122,139,132,152,93,89,84,85,79,71,64,83
1015,Living Donor,Wisconsin,Liver,59,0,3,8,0,10,3,7,2,1,1,0,0,1,2,0,1,0,1,1,6,7,2,3,0,0,0,0,0,0,0,0,0,0,0
